{
  "CU458745": {
    "average": 3.629871,
    "deletion_coverage_propagation_cutoff": 1.0,
    "deletion_coverage_seed_cutoff": 0.0,
    "nbinom_mean_parameter": 4.347007,
    "nbinom_prob_parameter": 0.209162169886683,
    "nbinom_relative_variance": 4.78097927814463,
    "nbinom_size_parameter": 1.149704,
    "nbinom_variance": 20.7829503889497,
    "relative_variance": 1.667387,
    "variance": 6.052398
  },
  "CU458896": {
    "average": 2.122402,
    "deletion_coverage_propagation_cutoff": -1.0,
    "deletion_coverage_seed_cutoff": 0.0,
    "nbinom_mean_parameter": 1.599478,
    "nbinom_prob_parameter": 0.999840077779207,
    "nbinom_relative_variance": 1.0001599478,
    "nbinom_size_parameter": 10000.0,
    "nbinom_variance": 1.59973383298725,
    "relative_variance": 1.264652,
    "variance": 2.6841
  }
}