{
  "CU458745": {
    "no_pos_hash_per_position_pr": 0.997234015180754
  },
  "CU458896": {
    "no_pos_hash_per_position_pr": 0.996229910078247
  }
}