{
  "accepted_pos_hash_score_distribution": {
    "100": 2,
    "23": 1,
    "30": 1,
    "31": 4,
    "32": 2,
    "33": 1,
    "34": 1,
    "35": 1,
    "36": 4,
    "37": 1,
    "39": 2,
    "40": 1,
    "41": 2,
    "43": 1,
    "44": 2,
    "45": 5,
    "46": 3,
    "47": 1,
    "48": 5,
    "50": 2,
    "51": 1,
    "52": 2,
    "53": 1,
    "54": 1,
    "55": 3,
    "56": 3,
    "57": 8,
    "58": 5,
    "59": 6,
    "60": 7,
    "61": 4,
    "62": 3,
    "63": 3,
    "64": 6,
    "65": 7,
    "66": 12,
    "67": 3,
    "68": 5,
    "69": 3,
    "70": 5,
    "71": 1,
    "72": 1,
    "73": 4,
    "74": 4,
    "75": 2,
    "76": 1,
    "78": 1,
    "80": 3,
    "81": 1,
    "82": 1,
    "84": 1,
    "85": 1
  },
  "max_sam_base_quality_score": 0,
  "observed_pos_hash_score_distribution": null,
  "read_file": {
    "V0145_R1_trim_paired": {
      "num_total_bases": 279011379,
      "num_total_reads": 1950447,
      "num_unmatched_bases": 61809666,
      "num_unmatched_reads": 431570
    },
    "V0145_R2_trim_paired": {
      "num_total_bases": 276505715,
      "num_total_reads": 1928426,
      "num_unmatched_bases": 62021548,
      "num_unmatched_reads": 431804
    }
  },
  "reference": [
    {
      "bases_mapped_to_reference": 428787073.333332,
      "reads_mapped_to_reference": 3000905.00000001
    },
    {
      "bases_mapped_to_reference": 0.0,
      "reads_mapped_to_reference": 0.0
    }
  ],
  "total_bases": 555517094,
  "total_bases_mapped_to_references": 428787066,
  "total_reads": 3878873,
  "total_reads_mapped_to_references": 3000905,
  "total_unmatched_bases": 123831214,
  "total_unmatched_reads": 863374
}