{
  "accepted_pos_hash_score_distribution": {
    "108": 1,
    "126": 1,
    "16": 1,
    "23": 1,
    "24": 1,
    "28": 1,
    "38": 2,
    "39": 2,
    "40": 3,
    "41": 2,
    "42": 1,
    "43": 3,
    "44": 1,
    "47": 1,
    "48": 4,
    "49": 1,
    "51": 3,
    "53": 1,
    "54": 1,
    "55": 6,
    "56": 3,
    "57": 4,
    "58": 1,
    "59": 1,
    "60": 4,
    "62": 6,
    "63": 1,
    "64": 4,
    "65": 2,
    "66": 6,
    "67": 7,
    "68": 6,
    "69": 5,
    "70": 2,
    "71": 3,
    "72": 3,
    "73": 3,
    "74": 3,
    "75": 5,
    "76": 2,
    "77": 4,
    "78": 3,
    "79": 7,
    "80": 7,
    "81": 2,
    "82": 5,
    "83": 6,
    "84": 3,
    "85": 3,
    "86": 2,
    "88": 1,
    "89": 1,
    "90": 1,
    "91": 1,
    "92": 2,
    "94": 1,
    "95": 2,
    "97": 1
  },
  "max_sam_base_quality_score": 0,
  "observed_pos_hash_score_distribution": null,
  "read_file": {
    "V0141_R1_trim_paired": {
      "num_total_bases": 297465634,
      "num_total_reads": 2053594,
      "num_unmatched_bases": 48105985,
      "num_unmatched_reads": 332097
    },
    "V0141_R2_trim_paired": {
      "num_total_bases": 295227065,
      "num_total_reads": 2035102,
      "num_unmatched_bases": 48098377,
      "num_unmatched_reads": 331494
    }
  },
  "reference": [
    {
      "bases_mapped_to_reference": 492918920.333332,
      "reads_mapped_to_reference": 3406559.00000002
    },
    {
      "bases_mapped_to_reference": 151.0,
      "reads_mapped_to_reference": 1.0
    }
  ],
  "total_bases": 592692699,
  "total_bases_mapped_to_references": 492919094,
  "total_reads": 4088696,
  "total_reads_mapped_to_references": 3406560,
  "total_unmatched_bases": 96204362,
  "total_unmatched_reads": 663591
}