{
  "accepted_pos_hash_score_distribution": {
    "16": 3,
    "17": 2,
    "18": 1,
    "19": 1,
    "20": 4,
    "21": 1,
    "22": 1,
    "23": 2,
    "24": 1,
    "25": 2,
    "26": 2,
    "27": 4,
    "28": 1,
    "29": 4,
    "30": 1,
    "31": 5,
    "33": 6,
    "34": 4,
    "35": 2,
    "36": 6,
    "37": 5,
    "38": 4,
    "39": 10,
    "40": 6,
    "41": 1,
    "42": 9,
    "43": 4,
    "44": 3,
    "45": 3,
    "46": 8,
    "47": 3,
    "48": 2,
    "49": 2,
    "50": 3,
    "52": 3,
    "53": 3,
    "54": 2,
    "55": 2,
    "62": 1
  },
  "max_sam_base_quality_score": 0,
  "observed_pos_hash_score_distribution": null,
  "read_file": {
    "V0010_R1_trim_paired": {
      "num_total_bases": 146362373,
      "num_total_reads": 1001902,
      "num_unmatched_bases": 26624354,
      "num_unmatched_reads": 182558
    },
    "V0010_R2_trim_paired": {
      "num_total_bases": 146400355,
      "num_total_reads": 1001891,
      "num_unmatched_bases": 27691960,
      "num_unmatched_reads": 189583
    }
  },
  "reference": [
    {
      "bases_mapped_to_reference": 236979279.333334,
      "reads_mapped_to_reference": 1624912.99999999
    },
    {
      "bases_mapped_to_reference": 0.0,
      "reads_mapped_to_reference": 0.0
    }
  ],
  "total_bases": 292762728,
  "total_bases_mapped_to_references": 236979284,
  "total_reads": 2003793,
  "total_reads_mapped_to_references": 1624913,
  "total_unmatched_bases": 54316314,
  "total_unmatched_reads": 372141
}