{
  "accepted_pos_hash_score_distribution": {
    "103": 1,
    "28": 1,
    "29": 1,
    "33": 1,
    "34": 1,
    "39": 2,
    "41": 1,
    "44": 1,
    "45": 3,
    "47": 3,
    "49": 5,
    "51": 1,
    "52": 1,
    "53": 1,
    "54": 1,
    "55": 1,
    "56": 2,
    "58": 2,
    "59": 1,
    "60": 2,
    "61": 5,
    "62": 3,
    "63": 3,
    "64": 4,
    "65": 1,
    "66": 4,
    "67": 3,
    "68": 2,
    "69": 3,
    "70": 6,
    "71": 3,
    "72": 8,
    "73": 3,
    "74": 6,
    "75": 5,
    "76": 5,
    "77": 6,
    "78": 5,
    "79": 5,
    "80": 4,
    "81": 4,
    "82": 5,
    "83": 1,
    "84": 5,
    "85": 4,
    "86": 4,
    "87": 1,
    "89": 3,
    "90": 2,
    "91": 2,
    "94": 2,
    "96": 1,
    "98": 1
  },
  "max_sam_base_quality_score": 0,
  "observed_pos_hash_score_distribution": null,
  "read_file": {
    "V0143_R1_trim_paired": {
      "num_total_bases": 295686357,
      "num_total_reads": 2048379,
      "num_unmatched_bases": 32097707,
      "num_unmatched_reads": 221223
    },
    "V0143_R2_trim_paired": {
      "num_total_bases": 289659662,
      "num_total_reads": 2003705,
      "num_unmatched_bases": 28739729,
      "num_unmatched_reads": 198560
    }
  },
  "reference": [
    {
      "bases_mapped_to_reference": 520946471.333331,
      "reads_mapped_to_reference": 3614265.00000003
    },
    {
      "bases_mapped_to_reference": 0.0,
      "reads_mapped_to_reference": 0.0
    }
  ],
  "total_bases": 585346019,
  "total_bases_mapped_to_references": 520946464,
  "total_reads": 4052084,
  "total_reads_mapped_to_references": 3614265,
  "total_unmatched_bases": 60837436,
  "total_unmatched_reads": 419783
}