{
  "accepted_pos_hash_score_distribution": {
    "13": 1,
    "20": 1,
    "22": 3,
    "23": 1,
    "25": 2,
    "26": 2,
    "27": 1,
    "28": 2,
    "30": 1,
    "31": 2,
    "32": 2,
    "33": 2,
    "34": 5,
    "36": 2,
    "38": 4,
    "39": 4,
    "40": 5,
    "41": 2,
    "42": 5,
    "43": 3,
    "44": 6,
    "45": 3,
    "46": 2,
    "47": 7,
    "48": 6,
    "49": 4,
    "50": 5,
    "51": 10,
    "52": 7,
    "53": 4,
    "54": 3,
    "55": 3,
    "56": 4,
    "57": 1,
    "58": 5,
    "59": 2,
    "60": 4,
    "61": 4,
    "62": 4,
    "65": 1,
    "66": 2,
    "72": 1
  },
  "max_sam_base_quality_score": 0,
  "observed_pos_hash_score_distribution": null,
  "read_file": {
    "V0155_R1_trim_paired": {
      "num_total_bases": 176263129,
      "num_total_reads": 1225356,
      "num_unmatched_bases": 20021935,
      "num_unmatched_reads": 138972
    },
    "V0155_R2_trim_paired": {
      "num_total_bases": 174106754,
      "num_total_reads": 1209587,
      "num_unmatched_bases": 19526130,
      "num_unmatched_reads": 135533
    }
  },
  "reference": [
    {
      "bases_mapped_to_reference": 309041217.666667,
      "reads_mapped_to_reference": 2151548.99999999
    },
    {
      "bases_mapped_to_reference": 0.0,
      "reads_mapped_to_reference": 0.0
    }
  ],
  "total_bases": 350369883,
  "total_bases_mapped_to_references": 309041227,
  "total_reads": 2434943,
  "total_reads_mapped_to_references": 2151549,
  "total_unmatched_bases": 39548065,
  "total_unmatched_reads": 274505
}