{
  "CU458745": {
    "average": 107.1952,
    "deletion_coverage_propagation_cutoff": 40.0,
    "deletion_coverage_seed_cutoff": 0.0,
    "nbinom_mean_parameter": 132.1424,
    "nbinom_prob_parameter": 0.0999229492456764,
    "nbinom_relative_variance": 10.007711016829,
    "nbinom_size_parameter": 14.66992,
    "nbinom_variance": 1322.44295227022,
    "relative_variance": 16.84893,
    "variance": 1806.124
  },
  "CU458896": {
    "average": 65.07524,
    "deletion_coverage_propagation_cutoff": 28.0,
    "deletion_coverage_seed_cutoff": 0.0,
    "nbinom_mean_parameter": 65.57706,
    "nbinom_prob_parameter": 0.56554879351572,
    "nbinom_relative_variance": 1.76819402934895,
    "nbinom_size_parameter": 85.36523,
    "nbinom_variance": 115.952965954258,
    "relative_variance": 2.108271,
    "variance": 137.1963
  }
}