{
  "CU458745": {
    "no_pos_hash_per_position_pr": 0.927805652043398
  },
  "CU458896": {
    "no_pos_hash_per_position_pr": 0.830928865402426
  }
}