{
  "CU458745": {
    "average": 209.0491,
    "deletion_coverage_propagation_cutoff": 78.0,
    "deletion_coverage_seed_cutoff": 0.0,
    "nbinom_mean_parameter": 255.8669,
    "nbinom_prob_parameter": 0.0505790324701675,
    "nbinom_relative_variance": 19.7710385343931,
    "nbinom_size_parameter": 13.63094,
    "nbinom_variance": 5058.7543395757,
    "relative_variance": 31.14217,
    "variance": 6510.241
  },
  "CU458896": {
    "average": 119.188,
    "deletion_coverage_propagation_cutoff": 67.0,
    "deletion_coverage_seed_cutoff": 0.0,
    "nbinom_mean_parameter": 120.5649,
    "nbinom_prob_parameter": 0.543664284400357,
    "nbinom_relative_variance": 1.83937041423084,
    "nbinom_size_parameter": 143.6373,
    "nbinom_variance": 221.7635100547,
    "relative_variance": 2.637566,
    "variance": 314.3661
  }
}