{
  "CU458745": {
    "no_pos_hash_per_position_pr": 0.885972811870149
  },
  "CU458896": {
    "no_pos_hash_per_position_pr": 0.727459216141572
  }
}