{
  "accepted_pos_hash_score_distribution": {
    "13": 1,
    "18": 1,
    "19": 1,
    "20": 1,
    "21": 1,
    "23": 3,
    "24": 1,
    "25": 1,
    "26": 2,
    "27": 1,
    "28": 1,
    "29": 1,
    "30": 3,
    "31": 2,
    "32": 2,
    "33": 5,
    "34": 2,
    "35": 1,
    "36": 6,
    "37": 4,
    "38": 1,
    "39": 6,
    "40": 6,
    "41": 3,
    "42": 2,
    "43": 3,
    "44": 5,
    "45": 5,
    "46": 4,
    "47": 5,
    "48": 5,
    "49": 9,
    "50": 8,
    "51": 4,
    "52": 7,
    "53": 3,
    "54": 2,
    "55": 7,
    "56": 3,
    "57": 5,
    "58": 3,
    "59": 2,
    "60": 2,
    "62": 1,
    "63": 3,
    "65": 2,
    "66": 1,
    "67": 1,
    "70": 1,
    "73": 1,
    "9": 1
  },
  "max_sam_base_quality_score": 0,
  "observed_pos_hash_score_distribution": null,
  "read_file": {
    "V0128_R1_trim_paired": {
      "num_total_bases": 176981234,
      "num_total_reads": 1233383,
      "num_unmatched_bases": 27983786,
      "num_unmatched_reads": 195145
    },
    "V0128_R2_trim_paired": {
      "num_total_bases": 176144213,
      "num_total_reads": 1224418,
      "num_unmatched_bases": 29176962,
      "num_unmatched_reads": 202529
    }
  },
  "reference": [
    {
      "bases_mapped_to_reference": 293964873.666666,
      "reads_mapped_to_reference": 2050075.99999999
    },
    {
      "bases_mapped_to_reference": 0.0,
      "reads_mapped_to_reference": 0.0
    }
  ],
  "total_bases": 353125447,
  "total_bases_mapped_to_references": 293964867,
  "total_reads": 2457801,
  "total_reads_mapped_to_references": 2050076,
  "total_unmatched_bases": 57160748,
  "total_unmatched_reads": 397674
}