{
  "CU458745": {
    "average": 127.7951,
    "deletion_coverage_propagation_cutoff": 43.0,
    "deletion_coverage_seed_cutoff": 0.0,
    "nbinom_mean_parameter": 156.2129,
    "nbinom_prob_parameter": 0.0732006047074318,
    "nbinom_relative_variance": 13.6610893311169,
    "nbinom_size_parameter": 12.33803,
    "nbinom_variance": 2134.03838157283,
    "relative_variance": 20.8449,
    "variance": 2663.876
  },
  "CU458896": {
    "average": 66.76798,
    "deletion_coverage_propagation_cutoff": 29.0,
    "deletion_coverage_seed_cutoff": 0.0,
    "nbinom_mean_parameter": 67.09866,
    "nbinom_prob_parameter": 0.547205235518713,
    "nbinom_relative_variance": 1.82746789520767,
    "nbinom_size_parameter": 81.08914,
    "nbinom_variance": 122.620646961455,
    "relative_variance": 1.894062,
    "variance": 126.4627
  }
}