{
  "CU458745": {
    "no_pos_hash_per_position_pr": 0.917041897165402
  },
  "CU458896": {
    "no_pos_hash_per_position_pr": 0.808115134342925
  }
}