{
  "accepted_pos_hash_score_distribution": {
    "20": 1,
    "24": 1,
    "25": 1,
    "26": 1,
    "27": 2,
    "29": 3,
    "30": 2,
    "31": 3,
    "32": 1,
    "33": 3,
    "35": 1,
    "36": 3,
    "37": 1,
    "38": 3,
    "39": 2,
    "40": 2,
    "41": 2,
    "42": 2,
    "43": 5,
    "44": 3,
    "45": 3,
    "46": 6,
    "47": 2,
    "48": 7,
    "49": 6,
    "50": 4,
    "51": 3,
    "52": 5,
    "53": 3,
    "54": 6,
    "55": 5,
    "56": 4,
    "57": 7,
    "58": 2,
    "59": 1,
    "60": 6,
    "61": 5,
    "62": 3,
    "63": 7,
    "64": 3,
    "65": 3,
    "66": 1,
    "67": 1,
    "70": 2,
    "71": 1,
    "74": 1,
    "75": 1,
    "79": 1,
    "81": 1,
    "84": 1
  },
  "max_sam_base_quality_score": 0,
  "observed_pos_hash_score_distribution": null,
  "read_file": {
    "V0144_R1_trim_paired": {
      "num_total_bases": 182806284,
      "num_total_reads": 1271422,
      "num_unmatched_bases": 14660776,
      "num_unmatched_reads": 101705
    },
    "V0144_R2_trim_paired": {
      "num_total_bases": 180784723,
      "num_total_reads": 1256605,
      "num_unmatched_bases": 14234105,
      "num_unmatched_reads": 98804
    }
  },
  "reference": [
    {
      "bases_mapped_to_reference": 332685216.666666,
      "reads_mapped_to_reference": 2317101.99999999
    },
    {
      "bases_mapped_to_reference": 0.0,
      "reads_mapped_to_reference": 0.0
    }
  ],
  "total_bases": 363591007,
  "total_bases_mapped_to_references": 332685192,
  "total_reads": 2528027,
  "total_reads_mapped_to_references": 2317102,
  "total_unmatched_bases": 28894881,
  "total_unmatched_reads": 200509
}