{
  "CU458745": {
    "average": 135.6258,
    "deletion_coverage_propagation_cutoff": 55.0,
    "deletion_coverage_seed_cutoff": 0.0,
    "nbinom_mean_parameter": 159.9508,
    "nbinom_prob_parameter": 0.0973500429116345,
    "nbinom_relative_variance": 10.2722091340803,
    "nbinom_size_parameter": 17.25056,
    "nbinom_variance": 1643.04806876345,
    "relative_variance": 19.80425,
    "variance": 2685.967
  },
  "CU458896": {
    "average": 66.77381,
    "deletion_coverage_propagation_cutoff": 29.0,
    "deletion_coverage_seed_cutoff": 0.0,
    "nbinom_mean_parameter": 67.09878,
    "nbinom_prob_parameter": 0.547273409595198,
    "nbinom_relative_variance": 1.82724024677112,
    "nbinom_size_parameter": 81.1116,
    "nbinom_variance": 122.605591325241,
    "relative_variance": 1.892206,
    "variance": 126.3498
  }
}