{
  "CU458745": {
    "no_pos_hash_per_position_pr": 0.999978558257215
  },
  "CU458896": {
    "no_pos_hash_per_position_pr": 0.753363831917564
  }
}