{
  "CU458745": {
    "average": 220.9411,
    "deletion_coverage_propagation_cutoff": 105.0,
    "deletion_coverage_seed_cutoff": 0.0,
    "nbinom_mean_parameter": 258.0922,
    "nbinom_prob_parameter": 0.0786156654850385,
    "nbinom_relative_variance": 12.7201111105561,
    "nbinom_size_parameter": 22.02131,
    "nbinom_variance": 3282.96146076787,
    "relative_variance": 27.42207,
    "variance": 6058.662
  },
  "CU458896": {
    "average": 119.3971,
    "deletion_coverage_propagation_cutoff": 67.0,
    "deletion_coverage_seed_cutoff": 0.0,
    "nbinom_mean_parameter": 120.5773,
    "nbinom_prob_parameter": 0.546247615564003,
    "nbinom_relative_variance": 1.83067160662568,
    "nbinom_size_parameter": 145.1564,
    "nbinom_variance": 220.737439513587,
    "relative_variance": 2.547869,
    "variance": 304.2083
  }
}