{
  "accepted_pos_hash_score_distribution": {
    "100": 1,
    "23": 1,
    "25": 1,
    "30": 2,
    "31": 1,
    "33": 2,
    "35": 1,
    "36": 2,
    "38": 3,
    "40": 2,
    "41": 2,
    "42": 1,
    "43": 1,
    "45": 1,
    "48": 2,
    "49": 2,
    "50": 1,
    "52": 1,
    "53": 1,
    "54": 2,
    "55": 2,
    "56": 2,
    "57": 2,
    "58": 4,
    "59": 3,
    "61": 2,
    "62": 3,
    "63": 3,
    "65": 1,
    "66": 1,
    "67": 4,
    "68": 4,
    "69": 3,
    "70": 6,
    "71": 4,
    "72": 2,
    "73": 2,
    "74": 1,
    "75": 8,
    "77": 1,
    "78": 4,
    "79": 5,
    "80": 2,
    "81": 2,
    "82": 2,
    "83": 1,
    "84": 1,
    "85": 2,
    "86": 3,
    "88": 1,
    "90": 1,
    "91": 1,
    "93": 1
  },
  "max_sam_base_quality_score": 0,
  "observed_pos_hash_score_distribution": null,
  "read_file": {
    "V0151_R1_trim_paired": {
      "num_total_bases": 265917696,
      "num_total_reads": 1847110,
      "num_unmatched_bases": 23772290,
      "num_unmatched_reads": 164647
    },
    "V0151_R2_trim_paired": {
      "num_total_bases": 263848889,
      "num_total_reads": 1828829,
      "num_unmatched_bases": 24665882,
      "num_unmatched_reads": 170255
    }
  },
  "reference": [
    {
      "bases_mapped_to_reference": 478823356.666665,
      "reads_mapped_to_reference": 3328841.00000001
    },
    {
      "bases_mapped_to_reference": 299.0,
      "reads_mapped_to_reference": 2.0
    }
  ],
  "total_bases": 529766585,
  "total_bases_mapped_to_references": 478823667,
  "total_reads": 3675939,
  "total_reads_mapped_to_references": 3328843,
  "total_unmatched_bases": 48438172,
  "total_unmatched_reads": 334902
}