{
  "CU458745": {
    "no_pos_hash_per_position_pr": 0.924996783738582
  },
  "CU458896": {
    "no_pos_hash_per_position_pr": 0.851144298884844
  }
}